strain	previous_names	isotype
AB1	NULL	AB1
AB2	NULL	CB4858
AB3	NULL	CB4858
AB4	NULL	CB4858
BRC20067	NULL	BRC20067
CB3196	GA13	CB4854
CB3197	GA23	CB4854
CB3198	PA2	CB4853
CB3199	PA3	CB4857
CB4852	N3	CB4852
CB4854	GA9	CB4854
CB4856	CB4856_(CGC_#3)|CB4856_CGC_3|CB4856_CGC|CB4856	CB4856
CB4932	NULL	CB4932
CX11254	HEY-046	CX11254
CX11258	HEY-001	CB4858
CX11259	HEY-013	CX11292
CX11262	HEY-028	CX11262
CX11264	HEY-034	CX11264
CX11268	HEY-038	CX11315
CX11271	HEY-050	CX11271
CX11276	HEY-056	CX11276
CX11278	HEY-009	CB4858
CX11285	HEY-061	CX11285
CX11292	HEY-016	CX11292
CX11294	HEY-027	CX11262
CX11305	HEY-004	CB4858
CX11307	HEY-011	CX11307
CX11314	HEY-036	CX11314
CX11315	HEY-039	CX11315
CX11316	HEY-058	CX11276
CX11317	HEY-042	CB4858
CX11319	HEY-055	CX11271
CX11321	HEY-063	CX11285
DL200	NULL	DL200
DL226	NULL	DL226
DL238	NULL	DL238
DR1344	Bergerac_BO	CB4851
DR1345	NULL	CB4857
DR1350	PA2|CB3198	CB4853
ECA243	CB4851_(CGC)|CB4851_CGC|CB4851|N62	CB4851
ECA245	CB4853_(CGC)|CB4853_CGC|GA12	CB4853
ECA246	CB4853_(UK)|CB4853_UK|CB4853|GA12	CB4853
ECA247	CB4855_(CGC)|CB4855_CGC|Cal-5|Sta-5	CB4858
ECA248	CB4855_(UK)|CB4855_UK|CB4855|Cal-5|Sta-5	CB4855
ECA249	CB4857_(CGC)|CB4857_CGC|CB4857|Cl2a	CB4857
ECA250	CB4857_(UK)|CB4857_UK|Cl2a	CB4857
ECA251	CB4858_(CGC)|CB4858_CGC|CB4858|PA1	CB4858
ECA253	N2_(CGC)|N2_CGC|N2	N2
ECA254	N2_Baer|N2_Baer|N2|N2Baer	N2
ECA255	N2_Baer_duplicate_#1|N2	N2
ECA257	Kammenga_N2_isolate|N2	N2
ECA258	PB306_Baer	PB306
ECA259	PB306_CGC|PB306	PB306
ECA260	Kammenga_CB4856	CB4856
ECA36	GD6	ECA36
ECA589	E121|JU1395	JU1395
ECA616	JU1530MAF|O21.1.1	JU1530
ED3005	NULL	ED3005
ED3010	NULL	ED3012
ED3011	NULL	ED3011
ED3012	NULL	ED3012
ED3014	NULL	ED3012
ED3015	NULL	ED3012
ED3017	NULL	ED3017
ED3019	NULL	ED3017
ED3020	NULL	ED3017
ED3021	NULL	ED3005
ED3023	NULL	ED3012
ED3024	NULL	ED3012
ED3028	NULL	ED3012
ED3040	NULL	ED3040
ED3042	NULL	ED3048
ED3043	NULL	ED3052
ED3046	NULL	ED3046
ED3048	NULL	ED3048
ED3049	NULL	ED3049
ED3052	NULL	ED3052
ED3057	NULL	ED3073
ED3072	NULL	ED3073
ED3073	NULL	ED3073
ED3075	NULL	ED3073
ED3077	NULL	ED3077
EG4346	NULL	EG4347
EG4347	NULL	EG4347
EG4348	NULL	EG4349
EG4349	NULL	EG4349
EG4680	NULL	EG4946
EG4689	NULL	EG4946
EG4724	NULL	EG4724
EG4725	NULL	EG4725
EG4945	NULL	EG4946
EG4946	NULL	EG4946
EG4948	NULL	EG4946
EG4951	NULL	EG4946
EG4957	NULL	EG4946
GXW1	NULL	GXW1
JT11362	NULL	JT11398
JT11398	NULL	JT11398
JT11399	NULL	JT11398
JU1026	PIB1	JU310
JU1037	PIF2	JU310
JU1039	PrA4	JU310
JU1040	PrB1	JU310
JU1088	J14B1	JU1088
JU1171	C1.2.1	MY23
JU1172	C6.2.1	JU1172
JU1200	TP	JU1200
JU1204	L1A1A	JU310
JU1206	L1A3G	JU310
JU1207	1.1.1	JU1212
JU1212	1.4.1	JU1212
JU1213	6.2.1	JU1213
JU1214	H.2.1	JU1212
JU1218	6.1.1	JU1242
JU1230	7.1.1	JU1242
JU1242	F2	JU1242
JU1243	D2	JU1242
JU1246	14.1.1	JU1246
JU1395	E121	JU1395
JU1400	E2.9.1	JU1400
JU1401	E6.4.1	JU1409
JU1409	E7.6.1	JU1409
JU1410	E7.51.1	JU1409
JU1411	E7.55.1	JU1409
JU1440	B7.2.1	JU1440
JU1482	P6.1.3	JU1213
JU1484	B10S1	JU1491
JU1491	B10S8	JU1491
JU1516	O13.1.1	JU1581
JU1522	O14.2.1	JU1581
JU1530	O21.1.1	JU1530
JU1563	O40.3.2	CB4852
JU1566	I4.1.1	JU1568
JU1568	I5.1.1	JU1568
JU1581	O134.10	JU1581
JU1582	O143.9	JU1581
JU1586	B41.1	JU1586
JU1652	UY1.1	JU1652
JU1896	"NA"	JU1896
JU2001	NULL	JU2001
JU2007	NULL	JU2007
JU2316	L13-1.3	JU2316
JU2464	Ag.Cal 2	JU2464
JU2466	ollanta 3A1	JU2466
JU2467	Ag.cal 5	JU2464
JU2468	Ag.cal 1	JU2464
JU2513	G6.1	JU2513
JU2519	L13-5.3	JU2519
JU2522	NULL	JU2522
JU2526	L13-7.9	JU2526
JU258	M1.1	JU258
JU262	B2.2	JU310
JU263	B2.1	JU310
JU299	LB14.4	JU310
JU300	LB14.11	JU310
JU301	LB14.2	JU310
JU302	LB14.3	JU310
JU303	LB14.1	JU310
JU305	LB14.7	JU310
JU306	LB14.6	JU310
JU307	LB14.13	JU310
JU309	LB14.8	JU310
JU310	LB14.10	JU310
JU311	F5.1	JU311
JU312	F5.2	JU311
JU313	F5.3	JU311
JU314	F2.1	JU311
JU315	F3.1	JU311
JU316	F3.2	JU311
JU317	F4.1	JU311
JU318	F6.1	JU311
JU319	F6.2	JU311
JU321	F9.1	JU311
JU322	D1.1	JU323
JU323	D3.1	JU323
JU342	D4.1	JU323
JU346	G1.5	JU346
JU347	C1.1	JU323
JU360	PB1.2	JU360
JU361	PB2.X	JU367
JU362	PB2.1	JU360
JU363	PB1.1	JU360
JU364	PB2.3	JU360
JU366	PB4.1	JU360
JU367	PB3.1	JU367
JU368	PB2.5	JU360
JU369	PB2.4	JU360
JU370	PB4.2	JU360
JU371	PA3.1	JU367
JU393	HC1.2	JU393
JU394	HC2.1	JU394
JU395	HC2.3	JU792
JU396	HC2.4	JU792
JU397	HC6.1	JU397
JU398	HC4.3	JU397
JU399	HC3.1	JU394
JU400	HC3.2	JU394
JU401	HC4.4	JU397
JU402	HC5.1	JU397
JU406	compost4	JU406
JU407	compost5	JU406
JU438	NULL	JU310
JU440	NULL	JU440
JU531	P4D6	JU1213
JU533	P4D8	JU1213
JU561	P9cl1	JU561
JU563	P9A7	JU561
JU622	Pyr2.1	JU792
JU642	NULL	JU642
JU692	CP4.2	JU367
JU693	CP8.1	JU367
JU694	CP10.1	JU367
JU751	JA VI 2.1	JU751
JU774	P6P2	JU774
JU775	P8D1	JU775
JU778	P12B4	JU778
JU782	P14D1	JU782
JU792	F2A1	JU792
JU799	P8L3	JU775
JU801	E1.2	JU360
JU829	T2A1	JU830
JU830	T2A2	JU830
JU847	O6A1	JU847
JU848	O6A5	JU847
KR314	NULL	KR314
LKC34	NULL	LKC34
MY1	NULL	MY1
MY10	NULL	MY10
MY11	NULL	MY10
MY12	NULL	MY10
MY13	NULL	MY10
MY14	NULL	MY23
MY15	NULL	MY23
MY16	NULL	MY16
MY17	NULL	MY10
MY18	NULL	MY18
MY19	NULL	MY10
MY2	NULL	MY23
MY20	NULL	MY10
MY21	NULL	MY10
MY22	NULL	MY10
MY23	NULL	MY23
MY3	NULL	MY10
MY4	NULL	MY10
MY5	NULL	MY10
MY6	NULL	MY18
MY7	NULL	MY10
MY8	NULL	MY10
MY9	NULL	MY10
N2	N2_HRH|N2_HRH|N2	N2
NIC1	NULL	NIC1
NIC166	NULL	NIC166
NIC195	NULL	NIC195
NIC196	NULL	NIC195
NIC197	NULL	NIC195
NIC198	NULL	NIC195
NIC199	NULL	NIC199
NIC2	NULL	NIC2
NIC200	NULL	NIC199
NIC207	NULL	NIC207
NIC231	NULL	NIC231
NIC232	NULL	NIC231
NIC236	NULL	NIC236
NIC237	NULL	NIC236
NIC242	NULL	NIC242
NIC251	NULL	NIC251
NIC252	NULL	NIC252
NIC255	NULL	NIC255
NIC256	NULL	NIC256
NIC258	NULL	NIC258
NIC259	NULL	NIC259
NIC260	NULL	NIC260
NIC261	NULL	NIC261
NIC262	NULL	NIC262
NIC263	NULL	NIC256
NIC265	NULL	NIC265
NIC266	NULL	NIC266
NIC267	NULL	NIC267
NIC268	NULL	NIC268
NIC269	NULL	NIC269
NIC270	NULL	NIC267
NIC271	NULL	NIC271
NIC272	NULL	NIC272
NIC273	NULL	NIC272
NIC274	NULL	NIC274
NIC275	NULL	NIC275
NIC276	NULL	NIC276
NIC277	NULL	NIC277
NIC3	NULL	NIC3
NIC4	NULL	NIC3
PB303	NULL	PB303
PS2025	NULL	PS2025
PX178	NULL	PX179
PX179	NULL	PX179
QG2075	NULL	QG2075
QG536	QG536#2	QG536
QG537	QG537#2	QG536
QG538	QG538#2	QG536
QG556	NULL	QG556
QG557	NULL	QG557
QG558	QG558#2	QG556
QW947	NULL	QW947
QX1211	NULL	QX1211
QX1212	NULL	QX1212
QX1213	NULL	QX1212
QX1214	NULL	QX1212
QX1215	NULL	QX1211
QX1216	NULL	QX1211
QX1218	NULL	QX1233
QX1233	NULL	QX1233
QX1791	NULL	QX1791
QX1792	NULL	QX1792
QX1793	NULL	QX1793
QX1794	NULL	QX1794
RC301	NULL	RC301
RW7000	NULL	CB4851
WN2001	NULL	WN2001
WN2002	NULL	WN2002
WN2003	NULL	WN2002
WN2010	NULL	WN2001
WN2011	NULL	WN2001
WN2013	NULL	WN2001
WN2014	NULL	WN2001
WN2016	NULL	WN2001
WN2017	NULL	WN2001
WN2018	NULL	WN2001
WN2019	NULL	WN2001
WN2020	NULL	WN2001
WN2021	NULL	WN2001
BRC20113	NULL	BRC20067
BRC20231	NULL	MY23
BRC20263	NULL	BRC20263
ECA189	NULL	ECA189
ECA190	NULL	ECA189
ECA191	NULL	ECA191
ECA192	NULL	ECA189
ECA193	NULL	ECA189
ECA348	NULL	ECA348
ECA349	NULL	ECA349
ECA350	NULL	ECA349
ECA363	NULL	ECA363
ECA369	NULL	ECA369
ECA372	NULL	ECA372
ECA393	NULL	ECA189
ECA395	NULL	ECA189
ECA396	NULL	ECA396
ECA397	NULL	ECA396
ECA398	NULL	ECA396
ECA399	NULL	ECA396
ECA551	JU311|F5.1	JU311
ECA615	JU1516-MAF	JU1581
JU1249	14.1.5	JU1249
JU1543	O28.1.1	JU1543
JU1656	P09-19.3	JU1213
JU1666	P09-21.1	JU1666
JU1762	P142.6.1	JU1213
JU1770	P132.4.1	JU1213
JU1792	B09.6.2	JU1792
JU1793	S53.9.1	JU1793
JU1807	O145.1.1	JU1581
JU1808	I72.1	JU1808
JU1920	S60.1.1	JU1793
JU1922	S68.1.1	JU1793
JU1924	S73.1.1	JU2600
JU1929	S86.1.1	JU1793
JU1934	S106.1.1	JU1934
JU1960	NULL	CB4858
JU2016	SF4.2	JU2016
JU2017	SF5.2	JU2017
JU2106	13.6.1	JU2106
JU2131	Trep1.4	JU2131
JU2139	B11.1.1	JU1793
JU2141	B11.10.1	JU2141
JU2151	S173.17.1	JU2600
JU2234	prune7.2	JU2234
JU2250	C1	JU2250
JU2257	B13-5.5	JU2257
JU2287	B13-5.8	JU2257
JU2460	Callot 1.1	JU792
JU2478	Brux1	JU2478
JU2527	Ap4	JU792
JU2534	NULL	JU2534
JU2565	NULL	JU2565
JU2566	parc5	JU2566
JU2570	niort7.2	JU2570
JU2572	i6-3	JU2572
JU2575	CR37.1	JU2575
JU2576	CR38.1	JU2576
JU2578	Bagn.3	JU2578
JU2581	B13_28.2	JU2581
JU2586	Poire3.1	JU2586
JU2587	NULL	JU2587
JU2592	plu5.6	JU2592
JU2593	OB1.4	JU2593
JU2600	S333.1	JU2600
JU2604	Nu1.1	JU1793
JU2605	Nu7.1	JU1793
JU2610	Wy5.2	JU2610
JU2619	SB01|SB13-1|SB13-01	JU2619
JU2800	Ca4.1	JU2800
JU2802	NULL	JU2800
JU2811	Syd2.2	JU2811
JU2825	MI-11-14-5.1	JU2825
JU2828	B10_6.1	JU2829
JU2829	B10_6.2	JU2829
JU2830	B10_6.3	JU2829
JU2838	Puebla2	JU2838
JU2841	NULL	JU2841
JU2853	Port1.1	JU2853
JU2860	Cam4.2	JU1200
JU2862	Cam7.3	JU2862
JU2866	U4.6	JU2866
JU2878	Berry-Mexico	JU2878
JU2879	Apple-Mexico	JU2879
JU2906	F10.3	JU2906
JU2907	F13.2	JU2907
JU2908	F16.2	JU2907
JU3125	S7.1	JU3125
JU3127	S9.1	JU3127
JU3128	S18.1	JU3128
JU3131	O146.1	JU323
JU3132	O695.1	JU3132
JU3133	O748.1	JU1440
JU3134	O949.1	JU3134
JU3135	O1126.8	JU3135
JU3136	O1143.7	MY2453
JU3137	O1183.5	JU3137
JU3138	S175.1	JU2600
JU3139	P143.6	JU1666
JU3140	P142.14	JU3140
JU3142	P143.9	JU792
JU3144	C3.4	JU3144
JU345	G1.3	JU346
MY2004	NULL	MY2453
MY2011	NULL	MY2453
MY2014	NULL	MY2453
MY2022	NULL	RC301
MY2024	NULL	RC301
MY2042	NULL	MY920
MY2050	NULL	MY2453
MY2051	NULL	MY2453
MY2054	NULL	MY2453
MY2078	NULL	RC301
MY2099	NULL	MY795
MY2109	NULL	MY2741
MY2121	NULL	MY2453
MY2137	NULL	MY2453
MY2138	NULL	MY920
MY2142	NULL	MY2573
MY2143	NULL	MY2147
MY2144	NULL	MY2573
MY2147	NULL	MY2147
MY2198	NULL	MY2573
MY2199	NULL	MY2453
MY2208	NULL	MY2573
MY2212	NULL	MY2212
MY2224	NULL	MY2573
MY2282	NULL	MY2573
MY2288	NULL	MY2453
MY2291	NULL	RC301
MY2294	NULL	MY2573
MY2338	NULL	MY2573
MY2339	NULL	MY2453
MY2344	NULL	MY2535
MY2347	NULL	MY920
MY2373	NULL	MY920
MY2406	NULL	MY920
MY2434	NULL	MY2573
MY2443	NULL	MY2573
MY2453	NULL	MY2453
MY2481	NULL	JU311
MY2491	NULL	MY2573
MY2502	NULL	MY2453
MY2530	NULL	MY2530
MY2532	NULL	MY2535
MY2535	NULL	MY2535
MY2541	NULL	MY2453
MY2573	NULL	MY2573
MY2579	NULL	MY2453
MY2585	NULL	MY2585
MY2623	NULL	MY2585
MY2630	NULL	RC301
MY2635	NULL	MY2713
MY2636	NULL	RC301
MY2640	NULL	RC301
MY2679	NULL	MY2713
MY2681	NULL	RC301
MY2684	NULL	RC301
MY2685	NULL	MY2693
MY2688	NULL	MY920
MY2689	NULL	MY2713
MY2691	NULL	RC301
MY2692	NULL	MY2741
MY2693	NULL	MY2693
MY2713	NULL	MY2713
MY2719	NULL	MY2693
MY2741	NULL	MY2741
MY518	NULL	MY518
MY524	NULL	MY2453
MY538	NULL	MY795
MY559	NULL	MY2573
MY561	NULL	MY2453
MY564	NULL	MY2453
MY570	NULL	MY2453
MY579	NULL	MY2573
MY589	NULL	MY920
MY679	NULL	MY679
MY684	NULL	RC301
MY710	NULL	MY2573
MY713	NULL	MY2453
MY741	NULL	MY920
MY772	NULL	MY772
MY792	NULL	MY2453
MY795	NULL	MY795
MY803	NULL	MY2713
MY819	NULL	MY2453
MY864	NULL	MY2453
MY881	NULL	MY2535
MY882	NULL	RC301
MY887	NULL	MY920
MY920	NULL	MY920
MY934	NULL	MY2573
MY965	NULL	MY2453
MY990	NULL	MY920
MY991	NULL	MY679
NIC1049	4	NIC1049
NIC1107	1	NIC1107
NIC501	PA-05/11a-1	NIC501
NIC508	NAP_C3.1	MY2535
NIC511	NAP_C10.1	NIC511
NIC512	NAP_C12.1	MY2535
NIC513	1.1a/LIS1	NIC513
NIC514	2.1a/LIS3	NIC514
NIC515	5.1c/LIS4	NIC515
NIC521	ESP1/2a	NIC527
NIC522	ESP2/3.1c	NIC522
NIC523	ESP4/6.1b	NIC523
NIC526	ESP8/1.2a	NIC526
NIC527	ESP9/4a	NIC527
NIC528	ESP10/5a	NIC528
NIC529	ESP11/8.2c	NIC529
WN2033	NULL	WN2033
WN2035	NULL	WN2033
WN2039	NULL	WN2033
WN2050	NULL	WN2050
WN2056	NULL	WN2050
XZ1513	NULL	XZ1513
XZ1514	NULL	XZ1514
XZ1515	NULL	XZ1515
XZ1516	NULL	XZ1516
ECA347	NULL	ECA347
ECA394	NULL	ECA189
ECA552	JU2611, Vau18.3	MY2573
ECA571	ED3054	ED3073
ECA572	ED3054	ED3073
ECA592	NULL	ECA592
ECA593	NULL	ECA593
ECA594	NULL	ECA594
ECA640	NULL	ECA640
ECA701	NULL	ECA701
ECA702	NULL	ECA701
ECA703	NULL	ECA703
ECA704	NULL	ECA812
ECA705	NULL	ECA705
ECA706	NULL	ECA706
ECA707	NULL	ECA778
ECA708	NULL	ECA778
ECA709	NULL	ECA778
ECA710	NULL	ECA710
ECA711	NULL	ECA712
ECA712	NULL	ECA712
ECA713	NULL	ECA712
ECA714	NULL	ECA712
ECA715	NULL	ECA712
ECA716	NULL	ECA807
ECA717	NULL	ECA807
ECA718	NULL	ECA807
ECA719	NULL	ECA812
ECA720	NULL	ECA807
ECA721	NULL	ECA778
ECA722	NULL	ECA722
ECA723	NULL	ECA723
ECA724	NULL	ECA724
ECA725	NULL	ECA724
ECA726	NULL	ECA724
ECA727	NULL	ECA724
ECA728	NULL	ECA723
ECA729	NULL	ECA723
ECA730	NULL	ECA730
ECA731	NULL	ECA733
ECA732	NULL	ECA732
ECA733	NULL	ECA733
ECA734	NULL	ECA738
ECA735	NULL	ECA738
ECA736	NULL	ECA738
ECA737	NULL	ECA738
ECA738	NULL	ECA738
ECA739	NULL	ECA760
ECA740	NULL	ECA740
ECA741	NULL	ECA741
ECA742	NULL	ECA742
ECA743	NULL	ECA743
ECA744	NULL	ECA744
ECA745	NULL	ECA745
ECA746	NULL	ECA746
ECA747	NULL	ECA745
ECA748	NULL	ECA812
ECA749	NULL	ECA760
ECA750	NULL	ECA812
ECA751	NULL	ECA812
ECA752	NULL	ECA760
ECA753	NULL	ECA760
ECA754	NULL	ECA760
ECA755	NULL	ECA812
ECA756	NULL	ECA778
ECA757	NULL	ECA778
ECA758	NULL	ECA760
ECA759	NULL	ECA812
ECA760	NULL	ECA760
ECA761	NULL	ECA812
ECA762	NULL	ECA812
ECA763	NULL	ECA778
ECA764	NULL	ECA778
ECA765	NULL	ECA778
ECA766	NULL	ECA778
ECA767	NULL	ECA778
ECA768	NULL	ECA768
ECA769	NULL	ECA760
ECA770	NULL	ECA807
ECA771	NULL	ECA812
ECA772	NULL	ECA768
ECA773	NULL	ECA812
ECA774	NULL	ECA812
ECA775	NULL	ECA812
ECA776	NULL	ECA812
ECA777	NULL	ECA777
ECA778	NULL	ECA778
ECA779	NULL	ECA760
ECA780	NULL	ECA760
ECA781	NULL	ECA778
ECA782	NULL	ECA812
ECA783	NULL	ECA812
ECA784	NULL	ECA760
ECA785	NULL	ECA760
ECA786	NULL	ECA812
ECA787	NULL	ECA812
ECA807	NULL	ECA807
ECA808	NULL	ECA760
ECA809	NULL	ECA812
ECA810	NULL	ECA778
ECA811	NULL	ECA778
ECA812	NULL	ECA812
ECA813	NULL	ECA812
ECA822	NULL	ECA705
ECA922	NULL	ECA923
ECA923	NULL	ECA923
ECA924	NULL	ECA923
ECA925	NULL	ECA923
ECA926	NULL	ECA928
ECA927	NULL	ECA923
ECA928	NULL	ECA928
ECA930	NULL	ECA930
JU3141	NULL	JU3141
JU3166	STM1.1	JU3166
JU3167	STJ1.2	JU3167
JU3169	STJ6.1	JU3169
JU3224	JoNZ1.5	JU3224
JU3225	NaNZ3.1	JU3225
JU3226	NaNZ4.2	JU3226
JU3227	NaNZ9.1	JU3228
JU3228	NaNZ10.1	JU3228
JU3271	S409.2	JU1793
JU3280	CZ22.2	JU3280
JU3282	CZ24.2	JU3282
JU3291	ZT051	JU3291
MY2001	NULL	MY2453
MY2097	NULL	MY920
MY2239	NULL	MY2573
MY2479	NULL	MY920
MY2622	NULL	MY2453
MY508	NULL	MY2453
MY673	NULL	MY795
MY804	NULL	MY2573
MY904	NULL	MY2453
NIC1119	NULL	NIC1119
NIC1604	NULL	MY2573
QG2810	NULL	QG2811
QG2811	NULL	QG2811
QG2812	NULL	QG2813
QG2813	NULL	QG2813
QG2818	NULL	QG2818
QG2823	NULL	QG2823
QG2824	NULL	QG2824
QG2825	NULL	QG2825
QG2826	NULL	QG2823
QG2827	NULL	QG2827
QG2828	NULL	QG2828
QG2829	NULL	QG2827
QG2830	NULL	QG2832
QG2831	NULL	QG2832
QG2832	NULL	QG2832
QG2833	NULL	QG2832
QG2834	NULL	QG2835
QG2835	NULL	QG2835
QG2836	NULL	QG2836
QG2837	NULL	QG2837
QG2838	NULL	QG2838
QG2839	NULL	QG2841
QG2840	NULL	QG2841
QG2841	NULL	QG2841
QG2842	NULL	QG2841
QG2843	NULL	QG2843
QG2844	NULL	QG2846
QG2845	NULL	QG2846
QG2846	NULL	QG2846
QG2850	NULL	QG2850
QG2851	NULL	QG2850
QG2852	NULL	QG2854
QG2853	NULL	QG2854
QG2854	NULL	QG2854
QG2855	NULL	QG2855
QG2856	NULL	QG2854
QG2857	NULL	QG2857
QG2858	NULL	QG2854
QG2859	NULL	QG2854
QG2872	NULL	QG2873
QG2873	NULL	QG2873
QG2874	NULL	QG2874
QG2875	NULL	QG2875
QG2876	NULL	QG2875
QG2877	NULL	QG2877
QG2878	NULL	QG2877
QG2927	NULL	QG2932
QG2928	NULL	QG2932
QG2931	NULL	QG2932
QG2932	NULL	QG2932
WN2059	MGS4-1-1	WN2066
WN2060	MGS4-8-1	WN2066
WN2062	MGS6-5-1	WN2050
WN2063	MLG11-1-1	WN2063
WN2064	MHvW3-2-1	WN2064
WN2065	Yuqing5-2-1	WN2066
WN2066	Yuqing5-1-1	WN2066
XZ1672	NULL	XZ1672
XZ1734	NULL	XZ1734
XZ1735	NULL	XZ1735
XZ1756	NULL	XZ1756
XZ2018	NULL	XZ2018
XZ2019	NULL	XZ2019
XZ2020	NULL	XZ2020
ECA1069	NULL	ECA1069
ECA1070	NULL	ECA1074
ECA1071	NULL	ECA1074
ECA1072	NULL	ECA1074
ECA1073	NULL	ECA1074
ECA1074	NULL	ECA1074
ECA1185	S-08076	ECA1185
ECA1186	S-08083	ECA1186
ECA1191	S-08129	ECA1191
ECA1193	S-08148	ECA1193
ECA1194	S-08170	ECA1194
ECA1195	S-08177	ECA1195
ECA1201	S-08490	ECA1202
ECA1203	S-08519	ECA1208
ECA1205	S-08527	ECA1208
ECA1208	S-08538	ECA1208
ECA1212	S-08566	ECA1212
ECA1213	S-08567	ECA744
ECA1214	S-08568	ECA744
ECA1215	S-08672	ECA1216
ECA1216	S-08693	ECA1216
ECA1217	S-08694	ECA1216
ECA1218	S-08695	ECA1216
ECA1220	S-08766	ECA812
ECA1221	S-08775	ECA812
ECA1222	S-08795	ECA1225
ECA1223	S-08796	ECA1223
ECA1224	S-08801	ECA1223
ECA1225	S-08802	ECA1225
ECA1226	S-08803	ECA1225
ECA1228	S-08865	ECA1228
ECA1229	S-08914	ECA1229
ECA1232	S-08925	ECA1232
ECA1233	S-08936	ECA1229
ECA1234	S-09041	ECA1237
ECA1236	S-09043	ECA1237
ECA1237	S-09045	ECA1237
ECA1238	S-09058	ECA1238
ECA1239	S-09060	ECA1238
ECA1240	S-09066	ECA1240
ECA1241	S-09074	ECA1229
ECA1242	S-09080	ECA1242
ECA1243	S-09162	ECA1243
ECA1244	S-09222	ECA760
ECA1245	S-09223	ECA760
ECA1246	S-09286	ECA1247
ECA1247	S-09287	ECA1247
ECA1250	S-09338	ECA1251
ECA1251	S-09346	ECA1251
ECA1253	S-09349	ECA1253
ECA1255	S-09370	ECA1255
ECA1256	S-09374	ECA1255
ECA1257	S-09375	ECA1257
ECA1258	S-09376	ECA1257
ECA1259	S-09386	ECA1260
ECA1260	S-09387	ECA1260
ECA1261	S-09410	ECA1261
ECA1262	S-09417	ECA1281
ECA1263	S-09418	ECA1281
ECA1264	S-09419	ECA1281
ECA1265	S-09426	ECA1288
ECA1266	S-09432	ECA1288
ECA1267	S-09441	ECA1269
ECA1268	S-09442	ECA1269
ECA1269	S-09445	ECA1269
ECA1270	S-09448	ECA1271
ECA1271	S-09453	ECA1271
ECA1272	S-09468	ECA1247
ECA1273	S-09469	ECA1281
ECA1274	S-09479	ECA1247
ECA1275	S-09480	ECA1281
ECA1276	S-09545	ECA1276
ECA1277	S-09547	ECA1276
ECA1278	S-09600	ECA1278
ECA1279	S-09625	ECA1281
ECA1281	S-09654	ECA1281
ECA1282	S-09664	ECA1281
ECA1283	S-09674	ECA1283
ECA1284	S-09713	ECA1284
ECA1285	S-09715	ECA1284
ECA1286	S-09763	ECA1286
ECA1287	S-09789	ECA1287
ECA1288	S-09811	ECA1288
ECA1289	S-09817	ECA1289
ECA1290	S-09826	ECA1286
ECA1291	S-09841	ECA760
ECA1292	S-09891	ECA1298
ECA1293	S-09953	ECA1293
ECA1294	S-09955	ECA1293
ECA1295	S-09965	ECA1298
ECA1296	S-09978	ECA1298
ECA1298	S-09980	ECA1298
ECA1385	NULL	ECA760
ECA1389	S-0449	ECA1413
ECA1391	S-0450	ECA1413
ECA1413	S-0111	ECA1413
ECA1415	S-0117	ECA1413
ECA1441	S-0415	ECA724
ECA1465	S-10316	ECA1493
ECA1467	S-10318	ECA1493
ECA1493	S-10236	ECA1493
ECA1515	S-10412	ECA1493
JU1511	O11.2.1	JU792
JU1580	O87.15	JU1793
JU1926	NULL	JU2600
JU1931	NULL	JU1793
JU1941	NULL	JU1581
JU3318	NULL	JU3318
JU3398	NULL	JU1793
JU3399	NULL	JU1793
JU3400	NULL	JU1793
JU3401	NULL	JU1793
JU3402	NULL	JU1793
JU3403	NULL	JU1793
MY2079	NULL	MY679
NIC1779	541b	NIC1779
NIC1780	1	NIC1780
NIC1781	5.2a	NIC1806
NIC1783	6.1	NIC1783
NIC1785	7a	NIC1785
NIC1786	8.1	NIC1786
NIC1787	9.1	NIC1787
NIC1788	10.1	NIC1788
NIC1789	11.1	NIC1789
NIC1793	18.1	NIC1794
NIC1794	18.2	NIC1794
NIC1795	19.1	NIC1788
NIC1796	19.3	NIC1796
NIC1797	21.1a	NIC1798
NIC1798	21.2	NIC1798
NIC1799	22.1c	NIC1799
NIC1800	24.1a	NIC1806
NIC1801	25.1a	NIC1801
NIC1802	26.2	NIC1802
NIC1803	43a	NIC1805
NIC1805	45a	NIC1805
NIC1806	46	NIC1806
NIC1808	49b	NIC1808
NIC1809	52.2	NIC1809
NIC1810	53	NIC1810
NIC1811	54b	NIC1811
NIC1812	555b	NIC1812
NIC1832	Charlotte5.2	NIC1832
TWN2530	NULL	TWN2530
TWN2542	NULL	TWN2542
TWN2794	NULL	TWN2542
TWN2803	NULL	TWN2542
WN2067	NULL	WN2050
WN2068	NULL	WN2068
WN2069	NULL	WN2069
WN2070	NULL	WN2066
WN2071	NULL	WN2068
WN2073	NULL	WN2066
WN2074	NULL	WN2066
WN2075	NULL	WN2066
WN2076	NULL	MY2535
XZ2210	NULL	MY2535
XZ2211	NULL	XZ2211
XZ2212	NULL	XZ1513
ECA1184	S-08069	ECA1185
ECA1187	S-08121	ECA1187
ECA1188	S-08122	ECA1187
ECA1189	S-08123	ECA1187
ECA1190	S-08124	ECA1187
ECA1192	S-08146	ECA1192
ECA1196	S-08249	ECA1196
ECA1197	S-08255	ECA1237
ECA1198	S-08256	ECA1237
ECA1199	S-08288	ECA1238
ECA1200	S-08376	ECA1200
ECA1204	S-08520	ECA1208
ECA1207	S-08537	ECA1208
ECA1210	S-08550	ECA744
ECA1227	S-08804	ECA1225
ECA1230	S-08915	ECA1229
ECA1231	S-08921	ECA1229
ECA1235	S-09042	ECA1237
ECA1249	S-09335	ECA1255
ECA1252	S-09347	ECA1252
ECA1254	S-09369	ECA1257
ECA1297	S-09979	ECA1298
ECA1689	S-10766	ECA2111
ECA1695	S-10770	ECA2111
ECA1713	S-10776	ECA1713
ECA1715	S-11012	ECA2151
ECA1718	S-11016	ECA2151
ECA1721	S-11035	ECA2151
ECA1723	S-11037	ECA1851
ECA1737	S-11128	ECA1751
ECA1741	S-11130	ECA1751
ECA1743	S-11176	ECA1761
ECA1747	S-11180	ECA1751
ECA1749	S-11181	ECA1751
ECA1751	S-11182	ECA1751
ECA1753	S-11183	ECA1751
ECA1755	S-11191	ECA1757
ECA1757	S-11192	ECA1757
ECA1759	S-11193	ECA1853
ECA1761	S-11212	ECA1761
ECA1763	S-11213	ECA1761
ECA1765	S-11214	ECA1761
ECA1769	S-11228	ECA1769
ECA1771	S-11230	ECA1769
ECA1781	S-12161	ECA1281
ECA1785	S-12006	ECA2377
ECA1787	S-11971	ECA2081
ECA1791	S-12169	ECA2443
ECA1793	S-10997	ECA1793
ECA1795	S-11231	ECA1769
ECA1797	S-11232	ECA1769
ECA1805	S-11240	ECA1805
ECA1815	S-11258	ECA1815
ECA1821	S-11767	ECA1821
ECA1829	S-11781	ECA2336
ECA1839	S-11659	ECA1843
ECA1843	S-11675	ECA1843
ECA1845	S-11689	ECA1885
ECA1851	S-11694	ECA1851
ECA1853	S-11837	ECA1853
ECA1855	S-11838	ECA1853
ECA1857	S-11839	ECA1853
ECA1861	S-11854	ECA1919
ECA1867	S-11869	ECA1919
ECA1871	S-11871	ECA1919
ECA1875	S-11314	ECA1875
ECA1877	S-11340	ECA2336
ECA1878	S-11474	ECA741
ECA1885	S-11693	ECA1885
ECA1887	S-11894	ECA1887
ECA1889	S-11901	ECA1889
ECA1891	S-12112	ECA1891
ECA1897	S-11895	ECA1887
ECA1903	S-11904	ECA1889
ECA1907	S-11905	ECA2336
ECA1909	S-12186	ECA2473
ECA1911	S-12184	ECA2473
ECA1913	S-12172	ECA2443
ECA1915	S-12171	ECA2443
ECA1919	S-11286	ECA1919
ECA1921	S-11287	ECA1919
ECA1923	S-11288	ECA1919
ECA1925	S-11298	ECA1925
ECA1927	S-11309	ECA1919
ECA1935	S-11313	ECA1919
ECA1939	S-12105	ECA1939
ECA1943	S-12107	ECA1943
ECA1953	S-12154	ECA1939
ECA1967	S-12102	ECA1977
ECA1969	S-12049	ECA1969
ECA1971	S-12101	ECA1977
ECA1975	S-12051	ECA1281
ECA1977	S-12099	ECA1977
ECA1981	S-12098	ECA1977
ECA1985	S-12097	ECA1977
ECA1987	S-12055	ECA1281
ECA1989	S-12090	ECA1281
ECA1991	S-12089	ECA1281
ECA2041	S-11731	ECA2041
ECA2067	S-11952	ECA2073
ECA2073	S-11955	ECA2073
ECA2081	S-11962	ECA2081
ECA2085	S-11970	ECA2081
ECA2091	S-10996	ECA2091
ECA2095	S-10897	ECA2195
ECA2097	S-10898	ECA2195
ECA2099	S-10966	ECA2151
ECA2101	S-10993	ECA2091
ECA2103	S-10994	ECA2091
ECA2109	S-11339	ECA2109
ECA2111	S-11337	ECA2111
ECA2117	S-11372	ECA2151
ECA2119	S-11373	ECA2119
ECA2121	S-11374	ECA1793
ECA2122	S-11375	ECA2151
ECA2125	S-11377	ECA2281
ECA2127	S-10784	ECA2151
ECA2131	S-10785	ECA2151
ECA2135	S-10802	ECA2187
ECA2139	S-10807	ECA2187
ECA2143	S-10827	ECA2151
ECA2147	S-10828	ECA2151
ECA2151	S-10829	ECA2151
ECA2155	S-10856	ECA2155
ECA2159	S-10857	ECA2159
ECA2163	S-10858	ECA2159
ECA2167	S-10862	ECA2151
ECA2171	S-10863	ECA2151
ECA2175	S-10865	ECA2151
ECA2179	S-10866	ECA2187
ECA2183	S-10871	ECA2183
ECA2187	S-10872	ECA2187
ECA2191	S-10888	ECA2191
ECA2195	S-10893	ECA2195
ECA2199	S-10894	ECA2199
ECA2203	S-10895	ECA2195
ECA2207	S-10896	ECA2195
ECA2281	S-11414	ECA2281
ECA2283	S-11415	ECA2281
ECA2285	S-11416	ECA2281
ECA2287	S-11417	ECA2281
ECA2289	S-11418	ECA2336
ECA2291	S-11445	ECA2291
ECA2307	S-11500	ECA741
ECA2313	S-11503	ECA2091
ECA2315	S-11504	ECA2091
ECA2319	S-11510	ECA2336
ECA2324	S-11519	ECA1853
ECA2332	S-11526	ECA2332
ECA2336	S-11539	ECA2336
ECA2344	S-11569	ECA2344
ECA2360	S-11585	ECA2360
ECA2362	S-11586	ECA2360
ECA2375	S-12213	ECA2377
ECA2377	S-12214	ECA2377
ECA2401	S-12238	ECA2473
ECA2403	S-12239	ECA2473
ECA2405	S-12241	ECA2473
ECA2413	S-12265	ECA2417
ECA2415	S-12266	ECA2417
ECA2417	S-12267	ECA2417
ECA2419	S-12268	ECA2417
ECA2421	S-12269	ECA2417
ECA2423	S-12270	ECA2417
ECA2429	S-12285	ECA1281
ECA2431	S-12286	ECA1281
ECA2433	S-12287	ECA1281
ECA2435	S-12288	ECA1281
ECA2437	S-12289	ECA2437
ECA2439	S-12297	ECA1281
ECA2443	S-12314	ECA2443
ECA2445	S-12315	ECA2443
ECA2452	S-12320	ECA2452
ECA2467	S-12457	ECA2467
ECA2473	S-12479	ECA2473
ECA2475	S-12516	ECA2475
ECA2482	S-12551	ECA2482
ECA2489	S-12604	ECA2489
ECA2521	S-12561	ECA2533
ECA2522	S-12614	ECA2522
ECA2523	S-12625	ECA2523
ECA2524	S-12626	ECA2523
ECA2525	S-12628	ECA2533
ECA2526	S-12669	ECA2536
ECA2527	S-12677	ECA2527
ECA2528	S-12678	ECA2527
ECA2529	S-12682	ECA2529
ECA2532	S-12732	ECA2533
ECA2533	S-12733	ECA2533
ECA2534	S-12734	ECA2533
ECA2535	S-12771	ECA2536
ECA2536	S-12772	ECA2536
ECA2537	S-12728	ECA2533
ECA2546	S-12454	ECA2546
ECA2547	S-12456	ECA2546
ECA2548	S-12482	ECA2672
ECA2549	S-12485	ECA2549
ECA2550	S-12486	ECA2551
ECA2551	S-12487	ECA2551
ECA2552	S-12493	ECA2672
ECA2553	S-12577	ECA2551
ECA2554	S-12611	ECA2554
ECA2555	S-12743	ECA2555
ECA2556	S-12781	ECA2559
ECA2557	S-12789	ECA2559
ECA2558	S-12791	ECA2609
ECA2559	S-12809	ECA2559
ECA2560	S-12848	ECA2560
ECA2561	S-12856	ECA2561
ECA2562	S-12882	ECA2565
ECA2563	S-12883	ECA2565
ECA2564	S-12884	ECA2565
ECA2565	S-12892	ECA2565
ECA2566	S-12898	ECA2565
ECA2567	S-12899	ECA2565
ECA2568	S-12902	ECA2568
ECA2569	S-12904	ECA2603
ECA2570	S-12905	ECA2561
ECA2571	S-12927	ECA2581
ECA2572	S-12929	ECA2581
ECA2573	S-12941	ECA2581
ECA2574	S-12945	ECA2603
ECA2575	S-12946	ECA2603
ECA2576	S-12948	ECA2676
ECA2577	S-12950	ECA2603
ECA2578	S-12952	ECA2603
ECA2579	S-12953	ECA2561
ECA2581	S-12957	ECA2581
ECA2582	S-12960	ECA2546
ECA2583	S-13023	ECA2583
ECA2584	S-13024	ECA2584
ECA2585	S-13032	ECA2672
ECA2586	S-13036	ECA2584
ECA2589	S-13042	ECA2594
ECA2590	S-13044	ECA2595
ECA2591	S-13054	ECA2594
ECA2592	S-13055	ECA2594
ECA2593	S-13056	ECA2595
ECA2594	S-13063	ECA2594
ECA2595	S-13069	ECA2595
ECA2596	S-13070	ECA2584
ECA2598	S-13081	ECA2603
ECA2601	S-13100	ECA2601
ECA2602	S-13117	ECA2602
ECA2603	S-13132	ECA2603
ECA2606	S-13197	ECA2594
ECA2607	S-13222	ECA2607
ECA2608	S-13240	ECA2672
ECA2609	S-13269	ECA2609
ECA2610	S-13270	ECA2609
ECA2612	S-13282	ECA2612
ECA2615	S-13424	ECA2615
ECA2641	S-13806	ECA2641
ECA2642	S-13808	ECA2641
ECA2648	S-12496	ECA2648
ECA2659	S-13278	ECA2659
ECA2660	S-13279	ECA2660
ECA2672	S-12494	ECA2672
ECA2674	S-12774	ECA2551
ECA2675	S-12783	ECA2609
ECA2676	S-12901	ECA2676
ECA694	NULL	ECA348
ECA695	NULL	ECA348
JR4305	NULL	JR4305
JU4047	NULL	JU4047
JU4048	NULL	JU4047
JU4054	NULL	JU4047
JU4067	NULL	JU4047
JU4069	NULL	JU4047
JU4071	NULL	JU4073
JU4072	NULL	JU4047
JU4073	NULL	JU4073
JU4074	NULL	JU4073
JU4075	NULL	JU4047
JU4082	NULL	JU4082
JU4085	NULL	JU4082
JU4098	NULL	JU4098
JU755	NULL	JU751
NIC1782	5.3a	NIC1782
NIC1977	2.1	JU642
NIC1980	19.2	JU642
NIC1985	1.1	JU642
NIC2002	11	JU642
NIC2004	4.1	JU642
NIC2011	24.1	JU642
WN2077	MGS1-3	WN2086
WN2078	JR1-4	WN2066
WN2079	JR2-11	WN2066
WN2080	JR3-4	WN2068
WN2081	LvS6-3	WN2066
WN2082	LvS7-4	WN2082
WN2083	LvS8-1	MY2453
WN2086	MGS1-15	WN2086
WN2088	JR2-12	WN2066
WN2089	JR3-5	WN2066
WN2090	LvS6-4	WN2066
WN2091	LvS7-5	WN2082
WN2092	DV6-2	WN2050
WN2093	MGS8-2	WN2050
WN2095	JR6-1-2	WN2066
WN2096	LvS4-5	WN2068
XZ2213	NULL	XZ2211
ECA1202	S-08492	ECA1202
ECA1206	S-08528	ECA1206
ECA1209	S-08549	ECA1212
ECA1211	S-08551	ECA1212
ECA1316	NULL	ECA1316
ECA1409	S-0078	ECA1409
ECA1691	S-10768	ECA2111
ECA1693	S-10769	ECA1693
ECA1709	S-10773	ECA1713
ECA1711	S-10775	ECA1713
ECA1717	S-11015	ECA1717
ECA1725	S-11072	ECA1725
ECA1727	S-11073	ECA2159
ECA1729	S-11074	ECA2159
ECA1731	S-11095	ECA1769
ECA1733	S-11126	ECA1751
ECA1735	S-11127	ECA1751
ECA1739	S-11129	ECA2091
ECA1745	S-11179	ECA1751
ECA1767	S-11215	ECA1761
ECA1779	S-12163	ECA1281
ECA1783	NULL	ECA1281
ECA1789	S-11969	ECA2081
ECA1799	S-11234	ECA1805
ECA1801	S-11235	ECA1805
ECA1803	S-11237	ECA1805
ECA1807	S-12106	ECA1807
ECA1809	S-11255	ECA1815
ECA1811	S-11256	ECA1815
ECA1813	S-11257	ECA1815
ECA1817	S-11259	ECA1815
ECA1819	S-11260	ECA1815
ECA1823	S-11769	ECA1821
ECA1825	S-11779	ECA1825
ECA1827	S-11780	ECA2336
ECA1831	S-11782	ECA1825
ECA1833	S-11783	ECA2336
ECA1835	S-11657	ECA1843
ECA1837	S-11658	ECA1843
ECA1841	S-11660	ECA1843
ECA1847	S-11690	ECA1885
ECA1849	S-11692	ECA1885
ECA1859	S-11842	ECA1853
ECA1863	S-11867	ECA1919
ECA1865	S-11868	ECA1919
ECA1869	S-11870	ECA1919
ECA1873	S-11877	ECA1901
ECA1895	S-12549	ECA2482
ECA1901	S-11900	ECA1901
ECA1917	S-12170	ECA2443
ECA1929	S-11310	ECA1919
ECA1931	S-11311	ECA1875
ECA1933	S-11312	ECA1875
ECA1937	S-12104	ECA1937
ECA1951	S-12153	ECA1939
ECA1973	S-12050	ECA1206
ECA1979	S-12052	ECA1206
ECA1983	S-12054	ECA1206
ECA1995	S-12060	ECA1997
ECA1997	S-12056	ECA1997
ECA2043	S-11761	ECA2043
ECA2065	S-11951	ECA2073
ECA2069	S-11953	ECA2073
ECA2071	S-11954	ECA2073
ECA2075	S-11956	ECA2073
ECA2079	S-11961	ECA2081
ECA2107	S-10995	ECA2111
ECA2247	S-12685	ECA2489
ECA2249	S-12686	ECA2473
ECA2251	S-12700	ECA2251
ECA2253	S-12709	ECA2482
ECA2255	S-12710	ECA2473
ECA2309	S-11501	ECA2091
ECA2311	S-11502	ECA2091
ECA2321	S-11517	ECA1757
ECA2322	S-11518	ECA1757
ECA2326	S-11522	ECA2332
ECA2328	S-11523	ECA2332
ECA2330	S-11524	ECA2332
ECA2334	S-11536	ECA2334
ECA2338	S-11541	ECA2336
ECA2340	S-11549	ECA2334
ECA2342	S-11568	ECA2344
ECA2348	S-11571	ECA2350
ECA2350	S-11572	ECA2350
ECA2352	S-11573	ECA2350
ECA2354	S-11582	ECA2360
ECA2356	S-11583	ECA2360
ECA2358	S-11584	ECA2360
ECA2365	S-11626	ECA363
ECA2367	S-11629	ECA2367
ECA2477	S-12528	ECA2475
ECA2479	S-12543	ECA2475
ECA2481	S-12544	ECA2481
ECA2485	S-12588	ECA2475
ECA2487	S-12592	ECA2475
ECA2580	S-12954	ECA2561
ECA2597	S-13071	ECA2584
ECA2599	S-13082	ECA2601
ECA2600	S-13083	ECA2601
ECA2605	S-13194	ECA2595
ECA2611	S-13280	ECA2660
ECA2643	S-13836	ECA2551
ECA2644	S-13837	ECA2641
ECA2649	S-12581	ECA2551
ECA2650	S-12903	ECA2603
ECA2651	S-12914	ECA2561
ECA2652	S-13062	ECA2594
ECA2653	S-13068	ECA2595
ECA2654	S-13118	ECA2602
ECA2656	S-13224	ECA2656
ECA2657	S-13239	ECA2672
ECA2658	S-13277	ECA2612
ECA2673	S-12610	ECA2551
NIC1790	13.1	NIC1790
NIC1791	14.1	NIC1791
NIC1792	17.1	NIC1792
NIC1804	44	NIC1805
NIC1807	47a	NIC1806
QG4003	S-5162.1	QG4003
QG4004	S-5177.1	QG4004
QG4005	S-5177.2	QG4006
QG4006	S-5177.3	QG4006
QG4008	S-5177.5	QG4008
QG4009	S-5177.6	QG4008
QG4010	S-5185.2	QG4010
QG4011	S-5185.3	QG4012
QG4012	S-5185.4	QG4012
QG4014	S-5185.6	QG4010
QG4015	S-5186.1	QG4015
QG4016	S-5186.2	QG4015
QG4017	S-5186.3	QG4017
QG4018	S-5186.4	QG4018
QG4019	S-5186.5	QG4010
QG4021	S-5187.2	QG4021
QG4076	S-5363.1	QG4080
QG4077	S-5363.2	QG4080
QG4078	S-5363.3	QG4080
QG4079	S-5363.5	QG4080
QG4080	S-5363.6	QG4080
QG4103	S-5421.2	QG4103
QG4134	S-5441.1	QG4015
QG4135	S-5441.2	QG4135
QG4137	S-5442.2	QG4138
QG4138	S-5442.3	QG4138
QG4139	S-5442.4	QG4138
QG4151	S-5447.3	QG4151
QG4158	S-5451.1	QG4015
QG4159	S-5451.2	QG4015
QG4160	S-5451.3	QG4015
QG4161	S-5451.4	QG4015
QG4162	S-5451.5	QG4135
QG4163	S-5451.6	QG4135
QG4166	S-5456.2	QG4226
QG4182	S-5492.2	QG4010
QG4184	S-5492.4	QG4010
QG4185	S-5492.5	QG4010
QG4186	S-5492.6	QG4010
QG4193	S-5498.1	QG4193
QG4194	S-5498.2	QG4193
QG4226	S-5456.1a	QG4226
QG4228	S-5468.1a	QG4228
WN2061	MGS6-1-1	WN2050
JU3791	NULL	JU2600
JU3785	NULL	JU1793
JU3786	NULL	JU1793
JU3795	NULL	JU3795
